"id","menu_access/id","category_id/id","comment","model_access/id","implied_ids/id","name","rule_groups/id"
"base.group_erp_manager","base.menu_administration","base.module_category_administration","","base.access_ir_model_group_erp_manager","","Permisos de acceso",""
"","","","","base.access_ir_model_access_group_erp_manager","","",""
"","","","","base.access_ir_model_data_group_erp_manager","","",""
"","","","","base.access_ir_model_fields_group_erp_manager","","",""
"","","","","base.access_ir_rule_group_erp_manager","","",""
"","","","","base.access_res_company_group_erp_manager","","",""
"","","","","base.access_res_groups_group_erp_manager","","",""
"","","","","base.access_res_users_group_erp_manager","","",""
"","","","","base.access_multi_company_default manager","","",""
"","","","","base.access_res_widget","","",""
"base.group_system","base.menu_config_address_book,base.menu_base_config,base.menu_administration","base.module_category_administration","","base.access_ir_cron_group_cron","base.group_erp_manager","Configuración",""
"","","","","base.access_ir_module_module_group_user","","",""
"","","","","base.access_ir_module_module_dependency_group_system","","",""
"","","","","base.access_ir_sequence_group_system","","",""
"","","","","base.access_ir_sequence_type_group_system","","",""
"","","","","base.access_ir_translation_group_system","","",""
"","","","","base.access_ir_ui_menu_group_system","","",""
"","","","","base.access_ir_ui_view_group_system","","",""
"","","","","base.access_res_currency_group_system","","",""
"","","","","base.access_res_currency_rate_group_system","","",""
"","","","","base.access_res_lang_group_user","","",""
"","","","","base.access_res_request_link_group_system","","",""
"","","","","base.access_ir_actions_group_system","","",""
"","","","","base.access_ir_actions_act_window_system","","",""
"","","","","base.access_ir_actions_act_window_close_group_system","","",""
"","","","","base.access_ir_actions_report_xml_group_system","","",""
"","","","","base.access_ir_actions_wizard_group_system","","",""
"","","","","base.access_ir_actions_todo_group_system","","",""
"","","","","base.access_workflow_group_system","","",""
"","","","","base.access_workflow_activity_group_system","","",""
"","","","","base.access_workflow_transition_group_system","","",""
"","","","","base.access_workflow_triggers_group_system","","",""
"","","","","base.access_ir_actions_act_window_view_group_system","","",""
"","","","","base.access_ir_actions_url_group_system","","",""
"","","","","base.access_ir_server_object_lines_group_system","","",""
"","","","","base.access_ir_actions_server_group_system","","",""
"","","","","base.access_res_bank_group_system","","",""
"","","","","base.access_res_payterm_group_system","","",""
"","","","","base.access_publisher_warranty_group_user","","",""
"","","","","base.access_res_partner_address","","",""
"","","","","base.access_ir_actions_todo_category","","",""
"","","","","board.access_board_board system","","",""
"","","","","board.access_board_board_line system","","",""
"","","","","decimal_precision.access_decimal_precision_config","","",""
"","","","","email_template.access_email_template_system","","",""
"","","","","email_template.access_email_template_preview_system","","",""
"base.group_user","","base.module_category_human_resources","","base.access_res_widget_user_group_user","","Empleado",""
"","","","","base.access_ir_attachment_group_user","","",""
"","","","","base.access_ir_cron_user","","",""
"","","","","base.access_ir_exports_group_system","","",""
"","","","","base.access_ir_exports_line_group_system","","",""
"","","","","base.access_res_partner_group_user","","",""
"","","","","base.access_res_partner_address_group_user","","",""
"","","","","base.access_res_partner_bank_group_user","","",""
"","","","","base.access_res_partner_category_group_user","","",""
"","","","","base.access_res_partner_event_group_user","","",""
"","","","","base.access_res_request_group_user","","",""
"","","","","base.access_res_request_history_group_user","","",""
"","","","","base.access_res_bank_user","","",""
"","","","","base.access_ir_filter employee","","",""
"","","","","process.access_process_process","","",""
"","","","","process.access_process_node","","",""
"","","","","process.access_process_transition","","",""
"","","","","process.access_process_transition_action","","",""
"","","","","process.access_process_condition","","",""
"","","","","product.access_product_uom_categ_user","","",""
"","","","","product.access_product_uom_user","","",""
"","","","","product.access_product_ul_user","","",""
"","","","","product.access_product_category_user","","",""
"","","","","product.access_product_template_user","","",""
"","","","","product.access_product_packaging_user","","",""
"","","","","product.access_product_supplierinfo_user","","",""
"","","","","product.access_pricelist_partnerinfo_user","","",""
"","","","","product.access_product_price_type_user","","",""
"","","","","product.access_product_pricelist_type_user","","",""
"","","","","product.access_product_pricelist_user","","",""
"","","","","product.access_product_pricelist_version_user","","",""
"","","","","product.access_product_pricelist_item_user","","",""
"","","","","product.access_product_product_employee","","",""
"","","","","edi.access_ir_edi_employee_create","","",""
"","","","","account.access_account_tax_internal_user","","",""
"","","","","account.access_account_account_user","","",""
"","","","","account.access_account_analytic_account","","",""
"","","","","account.access_account_analytic_journal_user","","",""
"","","","","account.access_account_fiscalyear_employee","","",""
"","","","","account.access_account_invoice_user","","",""
"","","","","account.access_account_payment_term_partner_manager","","",""
"","","","","account.access_account_payment_term_line_partner_manager","","",""
"","","","","account.access_account_fiscal_position","","",""
"","","","","account.access_account_fiscal_position_tax","","",""
"","","","","account.access_account_fiscal_position_account","","",""
"","","","","account.access_account_sequence_fiscal_year_user","","",""
"","","","","account.access_account_entries_report_employee","","",""
"","","","","stock.access_stock_warehouse_user","","",""
"","","","","stock.access_stock_location_user","","",""
"","","","","stock.access_stock_journal_user","","",""
"","","","","procurement.access_procurement","","",""
"","","","","procurement.access_mrp_property_group","","",""
"","","","","procurement.access_mrp_property","","",""
"","","","","sale.access_sale_shop","","",""
"base.group_multi_company","account.account_template_folder,base.menu_action_res_company_tree","base.module_category_usability","","","","Múltiples compañías",""
"base.group_extended","product.menu_products_category,base.menu_sale_config_sales,account.menu_action_account_period_close_tree,account.menu_action_subscription_form,base.menu_res_lang_act_window,stock.menu_action_pdct_in,stock.menu_action_production_lot_form,stock.menu_product_packaging_stock_action,base.next_id_11,base.menu_view_base_module_update,stock.menu_action_pdct_out,stock.menu_action_picking_tree6,stock.menu_stock_products_moves,product.menu_product_category_action_form,base.menu_view_base_module_upgrade,product.menu_product_ul_form_action,base.menu_translation_export,base.menu_partner_category_form,purchase.menu_procurement_management_inventory,base.menu_translation_app,base.menu_security,account.menu_action_model_form,base.menu_invoiced,stock.menu_action_tracking_form,base.menu_custom,product.prod_config_main,base.next_id_2,process.menu_process,base.menu_ir_sequence_type,base.menu_workflow_root,base.ir_config_menu,account.menu_automatic_reconcile,base.menu_email,base.ir_model_data_menu,base.next_id_9,base.menu_action_res_groups,stock.menu_action_stock_journal_form,base.next_id_10,base.menu_reporting,purchase.menu_action_picking_tree_in_move,base.next_id_15,account.menu_finance_recurrent_entries,base.menu_custom_action,account.menu_action_account_type_form,account.menu_action_account_journal_view,base.menu_partner_address_form,product.menu_product_pricelist_main,purchase.menu_purchase_config_pricelist,purchase.menu_purchase_line_order_draft","base.module_category_usability","","","","Vista extendida",""
"base.group_no_one","sale.menu_invoicing_sales_order_lines,base.menu_action_res_partner_bank_form,base.menu_action_res_bank_form,base.menu_action_res_partner_bank_typeform,sale.menu_action_picking_list_to_invoice","base.module_category_usability","","","","Características técnicas",""
"base.group_sale_salesman","base.menu_base_partner,sale.menu_sale_order","base.module_category_sales_management","","account.access_account_tax_sale_manager","","Usuarios - Sólo iniciativas propias","sale.sale_order_line_personal_rule,sale.sale_order_personal_rule"
"","","","","account.access_account_journal_sale_manager","","",""
"","","","","account.access_account_invoice_tax_sale_manager","","",""
"","","","","account.access_account_sequence_fiscal_year_sale_user","","",""
"","","","","stock.access_stock_tracking_sales_user","","",""
"","","","","sale.access_sale_order","","",""
"","","","","sale.access_sale_order_line","","",""
"","","","","sale.access_account_invoice_tax_salesman","","",""
"","","","","sale.access_account_invoice_salesman","","",""
"","","","","sale.access_account_invoice_line_salesman","","",""
"","","","","sale.access_account_payment_term_salesman","","",""
"","","","","sale.access_account_analytic_account_salesman","","",""
"","","","","sale.access_stock_picking_salesman","","",""
"","","","","sale.access_stock_move_salesman","","",""
"","","","","sale.access_procurement_salesman","","",""
"","","","","sale.access_sale_report_salesman","","",""
"","","","","sale.access_ir_property_sales","","",""
"","","","","sale.access_sale_account_journal","","",""
"","","","","sale.access_res_partner_sale_user","","",""
"","","","","sale.access_product_template_sale_user","","",""
"","","","","sale.access_product_product_sale_user","","",""
"","","","","sale.access_account_fiscalyear_user","","",""
"","","","","sale.access_res_partner_address_user","","",""
"","","","","sale.access_account_tax_user","","",""
"","","","","sale.access_product_packaging_user","","",""
"","","","","sale.access_ir_attachment_sales","","",""
"","","","","sale.access_stock_warehouse_user","","",""
"","","","","sale.access_res_partner_bank_type_user","","",""
"","","","","sale.access_stock_location_user","","",""
"","","","","sale.access_res_partner_bank_type_field_user","","",""
"","","","","sale.access_product_uom_user","","",""
"","","","","sale.access_product_supplierinfo_user","","",""
"","","","","sale.access_product_pricelist_sale_user","","",""
"","","","","sale.access_account_account_salesman","","",""
"","","","","sale.access_sale_shop_sale_user","","",""
"","","","","sale.access_account_invoice_report_salesman","","",""
"base.group_sale_manager","sale.menu_board_sales_manager,base.menu_base_partner,sale.menu_sale_order,base.next_id_64,base.menu_base_config","base.module_category_sales_management","","product.access_product_template_sale_manager","base.group_sale_salesman,base.group_sale_salesman_all_leads","Responsable",""
"","","","","product.access_product_product_sale_manager","","",""
"","","","","account.access_account_account_sale_manager","","",""
"","","","","account.access_account_sequence_fiscal_year_sale_manager","","",""
"","","","","stock.access_stock_location_sale_manager","","",""
"","","","","stock.access_product_pricelist_item_sale_manager","","",""
"","","","","sale.access_account_invoice_manager","","",""
"","","","","sale.access_stock_move_manager","","",""
"","","","","sale.access_procurement_manager","","",""
"","","","","sale.access_sale_order_manager","","",""
"","","","","sale.access_sale_report_manager","","",""
"","","","","sale.access_res_partner_sale_manager","","",""
"","","","","sale.access_report_stock_move_sales","","",""
"","","","","sale.access_stock_picking_sales","","",""
"","","","","sale.access_sale_shop_manager","","",""
"","","","","sale.access_ir_attachment_manager","","",""
"","","","","sale.access_product_packaging_manager","","",""
"","","","","sale.access_sale_shop_sale_manager","","",""
"","","","","sale.access_product_uom_categ_sale_manager","","",""
"","","","","sale.access_product_uom_sale_manager","","",""
"","","","","sale.access_product_ul_sale_manager","","",""
"","","","","sale.access_product_category_sale_manager","","",""
"","","","","sale.access_product_packaging_sale_manager","","",""
"","","","","sale.access_product_supplierinfo_sale_manager","","",""
"","","","","sale.access_pricelist_partnerinfo_sale_manager","","",""
"","","","","sale.access_product_price_type_sale_manager","","",""
"","","","","sale.access_product_pricelist_type_sale_manager","","",""
"","","","","sale.access_product_pricelist_sale_manager","","",""
"","","","","sale.access_product_group_res_partner_sale_manager","","",""
"","","","","sale.access_product_pricelist_version_sale_manager","","",""
"base.group_partner_manager","base.menu_base_partner,base.menu_config_address_book,base.menu_base_config","","","base.access_ir_property_group_user_manager","","Gestor de empresas",""
"","","","","base.access_res_country_group_user","","",""
"","","","","base.access_res_country_state_group_user","","",""
"","","","","base.access_res_partner_group_partner_manager","","",""
"","","","","base.access_res_partner_address_group_partner_manager","","",""
"","","","","base.access_res_partner_bank_group_partner_manager","","",""
"","","","","base.access_res_partner_bank_type_group_partner_manager","","",""
"","","","","base.access_res_partner_bank_type_field_group_partner_manager","","",""
"","","","","base.access_res_partner_category_group_partner_manager","","",""
"","","","","base.access_res_partner_event_group_partner_manager","","",""
"","","","","base.access_res_partner_title_group_user","","",""
"","","","","base.access_res_bank_group_partner_manager","","",""
"","","","","product.access_product_pricelist_type_partner_manager","","",""
"","","","","product.access_product_pricelist_partner_manager","","",""
"","","","","account.access_account_account_partner_manager","","",""
"","","","","account.access_account_fiscalyear_partner_manager","","",""
"","","","","stock.access_stock_location__partner_manager","","",""
"analytic.group_analytic_accounting","account.next_id_40,account.menu_action_analytic_entries_report,account.account_def_analytic_journal,account.menu_analytic,account.menu_action_analytic_account_tree2,account.account_analytic_journal_print,account.account_analytic_journal_entries,account.account_analytic_def_account,account.menu_analytic_accounting","base.module_category_usability","","","","Contabilidad analítica",""
"product.group_uos","","base.module_category_usability","","","","Vista UdV producto",""
"product.group_product_variant","","base.module_category_usability","","","","Variantes de producto",""
"account.group_account_invoice","account.menu_finance","base.module_category_accounting_and_finance","","account.access_account_tax_code","","Cobros y pagos",""
"","","","","account.access_account_tax","","",""
"","","","","account.access_account_invoice_uinvoice","","",""
"","","","","account.access_account_invoice_line_uinvoice","","",""
"","","","","account.access_account_invoice_tax_uinvoice","","",""
"","","","","account.access_account_move_uinvoice","","",""
"","","","","account.access_account_move_line_uinvoice","","",""
"","","","","account.access_account_move_reconcile_uinvoice","","",""
"","","","","account.access_account_journal_period_uinvoice","","",""
"","","","","account.access_account_journal_invoice","","",""
"","","","","account.access_account_period_invoice","","",""
"","","","","account.access_account_invoice_group_invoice","","",""
"","","","","account.access_account_fiscalyear_invoice","","",""
"","","","","account.access_account_entries_report_invoice","","",""
"","","","","account.access_account_journal_view_invoice","","",""
"","","","","account.access_account_journal_column_invoice","","",""
"","","","","account.access_account_analytic_line_invoice","","",""
"","","","","account.access_account_account_invoice","","",""
"","","","","account.access_res_partner_address_invoice","","",""
"","","","","account.access_account_account_type_invoice","","",""
"","","","","account.access_report_account_receivable_invoice","","",""
"","","","","account.access_account_sequence_fiscal_year_invoice","","",""
"","","","","account.access_account_financial_report_invoice","","",""
"account.group_account_user","account.menu_action_account_moves_all,account.menu_dashboard_acc,account.menu_tax_report,account.menu_finance_bank_and_cash,account.menu_finance_entries,account.menu_action_move_journal_line_form,account.menu_finance_charts,account.menu_finance_periodical_processing,account.menu_unrealized_gains_losses,account.menu_finance_reporting_budgets,account.menu_account_partner_ledger,account.menu_journals_report,account.menu_general_ledger,account.menu_action_tax_code_tree,account.menu_finance,account.menu_eaction_account_moves_sale,account.menu_action_account_moves_bank,account.menu_eaction_account_moves_purchase","base.module_category_accounting_and_finance","","account.access_product_product_account_user","account.group_account_invoice","Contable",""
"","","","","account.access_account_payment_term","","",""
"","","","","account.access_account_payment_term_line","","",""
"","","","","account.access_account_account_type","","",""
"","","","","account.access_account_account","","",""
"","","","","account.access_account_journal_view","","",""
"","","","","account.access_account_journal_column","","",""
"","","","","account.access_account_model","","",""
"","","","","account.access_account_model_line","","",""
"","","","","account.access_account_subscription","","",""
"","","","","account.access_account_subscription_line","","",""
"","","","","account.access_account_bank_statement","","",""
"","","","","account.access_account_bank_statement_line","","",""
"","","","","account.access_account_analytic_journal","","",""
"","","","","account.access_account_invoice_accountant","","",""
"","","","","account.access_account_tax_code_accountant","","",""
"","","","","account.access_account_cashbox_line","","",""
"","","","","account.access_account_invoice_tax_accountant","","",""
"","","","","account.access_account_invoice_line_accountant","","",""
"","","","","account.access_res_partner_address_accountant","","",""
"","","","","account.access_account_analytic_accountant","","",""
"","","","","account.access_account_financial_report","","",""
"","","","","sale.access_sale_order_line_accountant","","",""
"","","","","sale.access_sale_order_accountant","","",""
"account.group_account_manager","account.menu_action_account_treasury_report_all,account.menu_action_account_entries_report_all,account.menu_dashboard_acc,account.menu_tax_report,account.menu_finance_bank_and_cash,account.menu_finance_entries,account.menu_journals,account.menu_finance_periodical_processing,account.menu_account_partner_ledger,account.menu_journals_report,account.menu_general_ledger,account.menu_action_tax_code_tree,account.menu_finance,account.menu_finance_configuration,account.menu_eaction_account_moves_sale,account.menu_action_account_moves_bank,account.menu_eaction_account_moves_purchase","base.module_category_accounting_and_finance","","account.access_account_journal_period_manager","account.group_account_user","Responsable",""
"","","","","account.access_account_subscription_manager","","",""
"","","","","account.access_account_subscription_line_manager","","",""
"","","","","account.access_account_account_template","","",""
"","","","","account.access_account_tax_code_template","","",""
"","","","","account.access_account_chart_template","","",""
"","","","","account.access_account_tax_template","","",""
"","","","","account.access_account_analytic_line_manager","","",""
"","","","","account.access_account_payment_term_manager","","",""
"","","","","account.access_account_payment_term_line_manager","","",""
"","","","","account.access_account_tax_manager","","",""
"","","","","account.access_account_journal_manager","","",""
"","","","","account.access_account_period_manager","","",""
"","","","","account.access_account_analytic_journal_manager","","",""
"","","","","account.access_account_fiscalyear","","",""
"","","","","account.access_res_currency_account_manager","","",""
"","","","","account.access_res_currency_rate_account_manager","","",""
"","","","","account.access_res_currency_rate_type_account_manager","","",""
"","","","","account.access_account_fiscal_position_product_manager","","",""
"","","","","account.access_account_fiscal_position_tax_product_manager","","",""
"","","","","account.access_account_fiscal_position_account_product_manager","","",""
"","","","","account.access_account_fiscal_position_template","","",""
"","","","","account.access_account_fiscal_position_tax_template","","",""
"","","","","account.access_account_fiscal_position_account_template","","",""
"","","","","account.access_temp_range","","",""
"","","","","account.access_report_aged_receivable","","",""
"","","","","account.access_report_invoice_created","","",""
"","","","","account.access_report_account_type_sales","","",""
"","","","","account.access_report_account_sales","","",""
"","","","","account.access_account_invoice_report","","",""
"","","","","account.access_res_partner_group_account_manager","","",""
"","","","","account.access_account_move_line_manager","","",""
"","","","","account.access_account_move_manager","","",""
"","","","","account.access_account_entries_report_manager","","",""
"","","","","account.access_analytic_entries_report_manager","","",""
"","","","","account.access_account_move_reconcile_manager","","",""
"","","","","account.access_account_treasury_report_manager","","",""
"stock.group_stock_user","stock.menu_stock_root","base.module_category_warehouse_management","","stock.access_stock_tracking_user","","Usuario",""
"","","","","stock.access_stock_picking_user","","",""
"","","","","stock.access_stock_production_lot_user","","",""
"","","","","stock.access_stock_production_lot_revision","","",""
"","","","","stock.access_stock_move_user","","",""
"","","","","stock.access_stock_inventory_user","","",""
"","","","","stock.access_stock_inventory_line_user","","",""
"","","","","stock.access_stock_lines_date_user","","",""
"","","","","stock.access_stock_report_tracklots","","",""
"","","","","stock.access_report_stock_move_user","","",""
"","","","","stock.access_report_stock_inventory_user","","",""
"","","","","stock.access_product_product_stock_user","","",""
"","","","","stock.access_product_template_stock_user","","",""
"","","","","stock.access_account_invoice_user","","",""
"","","","","stock.access_account_invoice_line_user","","",""
"","","","","stock.access_account_invoice_tax_user","","",""
"","","","","stock.access_account_journal_user","","",""
"","","","","stock.access_account_fiscalyear","","",""
"","","","","procurement.access_procurement_stock_user","","",""
"","","","","procurement.access_stock_warehouse_orderpoint","","",""
"","","","","purchase.access_purchase_order_stock_worker","","",""
"","","","","purchase.access_purchase_order_line_stock_worker","","",""
"","","","","sale.access_sale_order_stock_worker","","",""
"","","","","sale.access_sale_order_line_stock_worker","","",""
"stock.group_stock_manager","stock.menu_board_warehouse,stock.menu_stock_root,stock.menu_stock_configuration,procurement.menu_stock_proc_schedulers,procurement.menu_stock_procurement_action","base.module_category_warehouse_management","","stock.access_stock_incoterms_manager","stock.group_stock_user","Responsable",""
"","","","","stock.access_stock_warehouse_manager","","",""
"","","","","stock.access_stock_location_manager","","",""
"","","","","stock.access_stock_journal_manager","","",""
"","","","","stock.access_stock_tracking_manager","","",""
"","","","","stock.access_stock_picking_manager","","",""
"","","","","stock.access_stock_production_lot_manager","","",""
"","","","","stock.access_stock_move_manager","","",""
"","","","","stock.access_stock_inventory_manager","","",""
"","","","","stock.access_stock_inventory_line_manager","","",""
"","","","","stock.access_stock_report_prodlots","","",""
"","","","","stock.access_stock_location_stock_manager","","",""
"","","","","stock.access_stock_lines_date_manager","","",""
"","","","","stock.access_report_stock_move_manager","","",""
"","","","","stock.access_product_uom_categ_stock_manager","","",""
"","","","","stock.access_product_uom_stock_manager","","",""
"","","","","stock.access_product_ul_stock_manager","","",""
"","","","","stock.access_product_category_stock_manager","","",""
"","","","","stock.access_product_template_stock_manager","","",""
"","","","","stock.access_product_product_stock_manager","","",""
"","","","","stock.access_product_packaging_stock_manager","","",""
"","","","","stock.access_product_supplierinfo_stock_manager","","",""
"","","","","stock.access_pricelist_partnerinfo_stock_manager","","",""
"","","","","stock.access_product_price_type_stock_manager","","",""
"","","","","stock.access_product_pricelist_type_stock_manager","","",""
"","","","","stock.access_product_pricelist_stock_manager","","",""
"","","","","stock.access_ir_property_group_stock_manager","","",""
"","","","","stock.access_product_group_res_partner_stock_manager","","",""
"","","","","stock.access_product_pricelist_version_stock_manager","","",""
"","","","","stock.access_product_pricelist_item_stock_manager","","",""
"","","","","stock.access_account_account_stock_manager","","",""
"","","","","procurement.access_stock_warehouse_orderpoint_system","","",""
"purchase.group_purchase_user","base.menu_purchase_root","base.module_category_purchase_management","","purchase.access_purchase_order","","Usuario",""
"","","","","purchase.access_purchase_order_line","","",""
"","","","","purchase.access_stock_location_purchase_user","","",""
"","","","","purchase.access_stock_warehouse_purchase_user","","",""
"","","","","purchase.access_stock_picking_purchase_user","","",""
"","","","","purchase.access_stock_move_purchase_user","","",""
"","","","","purchase.access_account_tax_purchase_user","","",""
"","","","","purchase.access_report_purchase_order_user","","",""
"","","","","purchase.access_product_product_purchase_user","","",""
"","","","","purchase.access_product_template_purchase_user","","",""
"","","","","purchase.access_account_invoice_purchase","","",""
"","","","","purchase.access_account_invoice_line_purchase","","",""
"","","","","purchase.access_account_invoice_tax_purchase","","",""
"","","","","purchase.access_account_fiscal_position_purchase_user","","",""
"","","","","purchase.access_account_sequence_fiscalyear_purchase_user","","",""
"","","","","purchase.access_res_partner_purchase_user","","",""
"","","","","purchase.access_res_partner_address_purchase_user","","",""
"","","","","purchase.access_account_journal_period","","",""
"","","","","purchase.access_account_journal","","",""
"","","","","purchase.access_account_period","","",""
"","","","","purchase.access_account_fiscalyear","","",""
"","","","","purchase.access_account_move","","",""
"","","","","purchase.access_account_move_line","","",""
"","","","","purchase.access_account_analytic_line","","",""
"","","","","purchase.access_account_move_reconcile","","",""
"","","","","purchase.access_report_stock_move_user","","",""
"","","","","purchase.access_stock_production_lot_user","","",""
"","","","","purchase.access_stock_production_lot_revision","","",""
"","","","","purchase.access_stock_tracking_purchase_user","","",""
"purchase.group_purchase_manager","base.menu_purchase_root,base.next_id_73,purchase.menu_purchase_config_purchase","base.module_category_purchase_management","","purchase.access_purchase_order_manager","purchase.group_purchase_user","Responsable",""
"","","","","purchase.access_purchase_order_line_manager","","",""
"","","","","purchase.access_report_purchase_order","","",""
"","","","","purchase.access_stock_location_purchase_user_manager","","",""
"","","","","purchase.access_stock_warehouse_purchase_user_manager","","",""
"","","","","purchase.access_stock_picking_purchase_user_manager","","",""
"","","","","purchase.access_stock_move_purchase_user_manager","","",""
"","","","","purchase.access_account_tax_purchase_user_manager","","",""
"","","","","purchase.access_product_product_purchase_manager","","",""
"","","","","purchase.access_product_template_purchase_manager","","",""
"","","","","purchase.access_account_invoice_purchase_manager","","",""
"","","","","purchase.access_account_invoice_line_purchase_manager","","",""
"","","","","purchase.access_account_journal_manager","","",""
"","","","","purchase.access_report_stock_move","","",""
"","","","","purchase.access_res_partner_purchase_manager","","",""
"","","","","purchase.access_product_uom_categ_purchase_manager","","",""
"","","","","purchase.access_product_uom_purchase_manager","","",""
"","","","","purchase.access_product_ul_purchase_manager","","",""
"","","","","purchase.access_product_category_purchase_manager","","",""
"","","","","purchase.access_product_packaging_purchase_manager","","",""
"","","","","purchase.access_product_supplierinfo_purchase_manager","","",""
"","","","","purchase.access_pricelist_partnerinfo_purchase_manager","","",""
"","","","","purchase.access_product_price_type_purchase_manager","","",""
"","","","","purchase.access_product_pricelist_type_purchase_manager","","",""
"","","","","purchase.access_product_pricelist_purchase_manager","","",""
"","","","","purchase.access_ir_property_group_purchase_manager","","",""
"","","","","purchase.access_product_group_res_partner_purchase_manager","","",""
"","","","","purchase.access_product_pricelist_version_purchase_manager","","",""
"","","","","purchase.access_product_pricelist_item_purchase_manager","","",""
"","","","","purchase.access_account_account_purchase_manager","","",""
"","","","","purchase.access_account_journal_purchase_manager","","",""
"","","","","purchase.access_stock_location_purchase_manager","","",""
"base.group_sale_salesman_all_leads","","base.module_category_sales_management","","","base.group_sale_salesman","Usuario - Mostrar todas las iniciativas","sale.sale_order_line_see_all,sale.sale_order_see_all"
"medical.group_medical_user","medical.menu_health_center_form,medical.medical_conf_edit_insurance,medical.medical_conf_pathology_pathology,medical.medical_conf_edit_family_code,medical.medical_conf_physician_list,medical.medical_conf_appointment_add,medical.medical_conf_edit_operational_area_tree,medical.medical_conf_hospital_building_add,medical.medical_appointment_menu,medical.medical_conf_pathology_tree,medical.medical_list_medicament,medical.medical_edit_medicament,medical.medical_conf_edit_operational_area_sector,medical.medical_patients_menu,medical.medical_edit_patient,medical.medical_conf_hospital_unit_add,medical.medical_conf_pathology,medical.medical_conf_hospital_ward_add,medical.medical_conf_new_appointment,medical.medical_conf_place_depilation,medical.medical_conf_hospital_bed_add,medical.medical_conf_procedure,medical.medical_conf_hospital,medical.action_medical_patien_depilation_tree,medical.medical_conf_operational_areas,medical.medical_conf_physicians,medical.medical_conf_medicaments,medical.medical_conf_insurances,medical.medical_conf_ethnicity,medical.medical_conf_occupation,medical.medical_conf_speciality,medical.medical_patiens_vaccination,medical.medical_conf_prescription,medical.medical_conf_pathology_categories,medical.medical_procedure_list,medical.medical_menu,medical.medical_conf_depilations,medical.medical_conf_dose,medical.medical_disease,medical.medical_patient_evaluations,medical.medical_conf_pathology_category,medical.medical_pathology_cat_struc,medical.medical_conf_menu,medical.medical_conf_misc,medical.medical_reporting_menu","base.module_category_medical_verticalization","","medical.access_medical_appointment","","Medical Group",""
"","","","","medical.access_medical_insurance","","",""
"","","","","medical.access_medical_procedure","","",""
"","","","","medical.access_medical_pathology_category","","",""
"","","","","medical.access_medical_pathology","","",""
"","","","","medical.access_medical_medicament","","",""
"","","","","medical.access_medical_vaccination","","",""
"","","","","medical.access_medical_operational_area","","",""
"","","","","medical.access_medical_operational_sector","","",""
"","","","","medical.access_medical_family_code","","",""
"","","","","medical.access_medical_speciality","","",""
"","","","","medical.access_medical_physician","","",""
"","","","","medical.access_medical_ethnicity","","",""
"","","","","medical.access_medical_dose_unit","","",""
"","","","","medical.access_medical_drug_route","","",""
"","","","","medical.access_medical_patient_medication","","",""
"","","","","medical.access_medical_patient","","",""
"","","","","medical.access_medical_patient_evaluation","","",""
"","","","","medical.access_medical_patient_disease","","",""
"","","","","medical.access_medical_occupation","","",""
"","","","","medical.access_medical_hospital_building","","",""
"","","","","medical.access_medical_hospital_unit","","",""
"","","","","medical.access_medical_hospital_ward","","",""
"","","","","medical.access_medical_hospital_bed","","",""
"","","","","medical.access_medical_drug_form","","",""
"","","","","medical.access_medical_medication_dosage","","",""
"","","","","medical.access_medical_medication_template","","",""
"","","","","medical.access_medical_directions","","",""
"","","","","medical.access_medical_prescription_order","","",""
"","","","","medical.access_medical_prescription_line","","",""
"","","","","__export__.ir_model_access_484","","",""
"","","","","__export__.ir_model_access_485","","",""
"","","","","__export__.ir_model_access_486","","",""
"","","","","__export__.ir_model_access_487","","",""
"__export__.res_groups_22","medical.menu_health_center_form,medical.medical_conf_edit_operational_area_tree,medical.medical_conf_edit_insurance,medical.medical_conf_hospital_building_add,medical.medical_list_medicament,medical.medical_conf_physician_list,medical.medical_conf_appointment_add,medical.medical_conf_edit_family_code,medical.medical_appointment_menu,medical.medical_conf_edit_operational_area_sector,medical.medical_patients_menu,medical.medical_edit_patient,medical.medical_conf_hospital_unit_add,medical.medical_conf_hospital_ward_add,medical.medical_conf_new_appointment,medical.medical_conf_place_depilation,medical.action_medical_patien_depilation_tree,medical.medical_conf_hospital,medical.medical_conf_operational_areas,medical.medical_conf_physicians,medical.medical_conf_insurances,medical.medical_conf_ethnicity,medical.medical_conf_occupation,medical.medical_menu,medical.medical_conf_depilations,medical.medical_conf_speciality,medical.medical_conf_menu,medical.medical_conf_misc,medical.medical_reporting_menu","base.module_category_medical_verticalization","","__export__.ir_model_access_488","","Depilation Group",""
"","","","","__export__.ir_model_access_489","","",""
"","","","","__export__.ir_model_access_490","","",""
"","","","","__export__.ir_model_access_491","","",""
"","","","","__export__.ir_model_access_492","","",""
"","","","","__export__.ir_model_access_493","","",""
"","","","","__export__.ir_model_access_494","","",""
"","","","","__export__.ir_model_access_495","","",""
"","","","","__export__.ir_model_access_496","","",""
"","","","","__export__.ir_model_access_497","","",""
"","","","","__export__.ir_model_access_498","","",""
"","","","","__export__.ir_model_access_499","","",""
"","","","","__export__.ir_model_access_500","","",""
"","","","","__export__.ir_model_access_501","","",""
"","","","","__export__.ir_model_access_502","","",""
"","","","","__export__.ir_model_access_503","","",""
"","","","","__export__.ir_model_access_504","","",""
"","","","","__export__.ir_model_access_505","","",""
"","","","","__export__.ir_model_access_506","","",""
"","","","","__export__.ir_model_access_507","","",""
"","","","","__export__.ir_model_access_508","","",""
"","","","","__export__.ir_model_access_509","","",""
"","","","","__export__.ir_model_access_510","","",""
"","","","","__export__.ir_model_access_511","","",""
"","","","","__export__.ir_model_access_512","","",""
"","","","","__export__.ir_model_access_513","","",""
"","","","","__export__.ir_model_access_514","","",""
"","","","","__export__.ir_model_access_515","","",""
"","","","","__export__.ir_model_access_516","","",""
"","","","","__export__.ir_model_access_517","","",""
"","","","","__export__.ir_model_access_518","","",""
"","","","","__export__.ir_model_access_519","","",""
"","","","","__export__.ir_model_access_520","","",""
"","","","","__export__.ir_model_access_521","","",""
